Index,C Log P,Mol Wt,ROTB,Molecular Volume
1,3.48,302.95,0,167.67
2,4.02,396.95,0,179.88
3,3.64,480.65,7,468.58
4,0.88,199.3,2,209.62
5,6.56,399.97,9,382.66
6,-0.96,86.14,0,93.81
7,2.35,201.25,1,166.83
8,-5.97,585.61,10,509.98
9,-1.35,365.41,4,306.89
10,-0.87,349.41,4,298.87
11,2.01,413.48,5,354.35
12,-0.52,516.56,6,435.88
13,-0.82,383.43,5,302.55
14,2.73,749,7,736.45
15,2.9,747.96,8,726.81
16,2.06,424.99,7,384.72
17,2.28,733.94,7,709.28
18,-4.54,1440.73,48,1329.99
19,0.56,333.39,4,284.81
20,-1.7,367.81,4,290.17
21,-1.97,363.39,4,301.21
22,-1.49,347.4,4,293.19
23,-4.24,453.51,7,340.77
24,2.79,620.74,12,509.03
25,-3.75,644.67,9,517.46
26,-4.57,573.62,9,419.58
27,-3.58,454.47,8,353.75
28,-4.33,553.58,8,419.49
29,-0.98,424.39,8,334.95
30,0.06,510.48,12,413.83
31,0.73,323.13,6,249.16
32,-0.7,331.35,3,285.46
33,1.63,392.41,3,334.85
34,-0.3,404.35,3,321.9
35,-0.2,464.86,2,374.74
36,-0.43,444.44,2,377.79
37,0.22,457.48,3,399.06
38,-1.16,460.44,2,385.48
39,-0.24,444.44,2,377.44
40,-0.04,375.4,4,327.59
41,-0.26,361.37,2,311.15
42,0.39,401.44,4,350.62
43,-0.69,319.34,3,279.23
44,-0.26,361.37,2,311.15
45,-6.04,615.63,9,530.7
46,-5.7,484.5,6,420.15
47,0.92,337.35,4,295.4
48,0.81,232.24,2,205.16
49,-6.11,614.65,9,533.97
50,-0.05,238.16,3,181.32
51,-5.62,1203.5,29,1145.11
52,-2.64,213.24,2,171.86
53,-0.04,250.28,3,202.26
54,0.99,267.31,3,221.11
55,0.99,290.32,5,263.15
56,0.21,270.34,3,209.53
57,-0.29,172.21,1,138.05
58,3.9,398.4,6,320.66
59,0.83,255.32,3,197.13
60,3.7,812.02,11,772.32
61,-5.7,467.52,6,415.38
62,0.99,290.32,5,263.15
63,-2.49,924.09,3,865.48
64,1.57,352.77,3,293.6
65,1.49,349.32,5,285.11
66,8.43,473.41,4,408.74
67,0.93,248.31,2,209.46
68,5,319.88,8,313.12
69,4,335.88,9,321.38
70,4.24,378.32,4,296.92
71,3.06,324.42,4,310.79
72,-0.47,171.16,3,146.77
73,-0.62,1291.25,16,951.76
74,-3.8,273.1,4,188.97
75,-1.9,102.09,0,87.08
76,0.35,204.31,9,221.06
77,1.46,166.25,2,152.4
78,-0.97,137.14,1,122.56
79,4.61,847.02,5,786.81
80,2.62,822.95,5,755.91
81,1.1,236.3,4,206.8
82,0.62,171.24,3,174.2
83,2.04,256.1,1,192.63
84,0.66,159.23,5,168.11
85,-0.39,129.16,4,129.09
86,1.32,135.21,2,145.52
87,2.97,305.46,7,322.67
88,2.1,191.27,1,195.35
89,2.63,240.35,5,247.63
90,3.88,239.36,5,251.79
91,2.29,308.77,1,263.23
92,2.77,315.72,2,252.93
93,3.73,299.76,1,258.83
94,-0.99,313.72,2,253.88
95,2.74,284.75,1,246.54
96,3.64,387.89,6,348.02
97,2.47,321.16,1,251.17
98,3.07,325.77,1,272.32
99,1.84,286.72,1,237.64
100,2.08,300.75,1,254.58
101,2.92,343.22,1,276.77
102,1.33,218.25,8,207.98
103,4.18,260.33,9,259.05
104,2.8,144.21,5,156.79
105,0.09,143.21,5,154.05
106,2.8,144.21,5,156.79
107,1.34,203.24,1,190.38
108,0.36,141.17,1,135.39
109,2.18,252.27,2,223.89
110,0.16,339.37,3,276.58
111,0.72,212.23,2,164.97
112,4.19,277.41,3,285.14
113,4.82,314.86,4,300.85
114,3.85,279.38,3,277.32
115,4.64,294.44,4,303.9
116,3.65,313.79,1,271.94
117,3.92,266.39,4,270.37
118,4.16,280.42,4,287.31
119,3.94,263.38,3,268.2
120,4.69,297.42,6,278.54
121,4.03,255.36,6,260.39
122,3.81,277.41,5,286.81
123,3.42,239.75,4,228.54
124,2.84,236.27,0,215.08
125,2.48,252.27,0,223.45
126,3.17,324.4,5,305
127,3.17,324.4,5,305
128,4.53,309.33,7,275.13
129,2.53,318.34,10,285.23
130,4.05,329.37,4,295.72
131,3.98,306.24,2,267.9
132,0.45,136.2,3,141.34
133,1.43,133.19,1,134.95
134,1.23,231.25,4,210.01
135,4.01,277.41,4,280.07
136,2.28,233.31,4,231
137,3.02,371.87,5,330.88
138,4.72,307.48,12,329.25
139,5.08,448.39,7,394.8
140,4.51,437.53,7,380.78
141,4.29,403.98,6,363.02
142,4.92,373.95,4,337.96
143,4.44,284.43,3,271.62
144,5.06,399.63,6,375.91
145,5.03,318.87,4,285.37
146,5.68,370.59,4,346.35
147,4.14,326.83,1,292.3
148,4.25,327.81,1,288.88
149,3.47,312.44,1,286.04
150,3.4,379.44,6,342.87
151,4.3,375.87,6,336.98
152,5.62,461.56,7,423.26
153,3.49,383.52,6,352.14
154,2.96,410.49,4,374.49
155,3.96,443.64,5,399.59
156,4.88,411.59,11,421.3
157,4.01,362.47,3,344.56
158,4.86,357.49,8,361.79
159,6.69,314.47,4,323.99
160,0.55,211.26,5,205.57
161,8.41,500.8,10,485.91
162,2.66,323.44,3,313.85
163,4.82,243.39,2,259.67
164,1.78,226.28,4,216.97
165,-1.93,211.24,3,197.32
166,1.55,224.26,4,211.34
167,-1.38,261.3,3,247.57
168,1.59,246.27,2,221.77
169,-1.37,225.27,4,214.12
170,0.8,232.24,2,204.82
171,0.92,218.26,2,202.64
172,-0.67,237.28,5,225.29
173,0.87,165.4,1,102.61
174,1.09,162.24,1,165.62
175,-3.13,135.11,0,105.83
176,1.1,399.44,5,364.15
177,-2.25,363.36,9,303.99
178,3.61,381.38,4,298.65
179,3.64,287.36,4,271.8
180,1.18,241.27,4,222.08
181,4.05,244.26,3,220.77
182,3.46,206.28,4,211.19
183,3.99,357.79,4,303.24
184,3.59,254.28,4,234.83
185,0.66,229.25,3,211.23
186,2.06,331.35,2,268.05
187,0.68,151.16,1,140.01
188,1.43,180.16,3,155.57
189,1.41,299.37,1,274.21
190,4.98,339.48,9,346.19
191,1.35,341.41,2,304.53
192,1.61,369.42,4,329.7
193,3.79,336.48,6,340.16
194,1.42,285.34,0,257
195,0.48,301.34,0,264.7
196,2.65,247.34,4,247.59
197,4.25,309.45,7,320.4
198,1.1,285.34,0,256.68
199,4.59,285.43,2,294.19
200,4.55,273.38,6,274.35
201,-1.49,360.47,8,347.61
202,1.05,303.36,5,277.2
203,-2.93,318.39,5,297.2
204,-5.6,290.4,11,301.19
205,2.96,237.73,2,218.4
206,3.7,178.28,2,191.96
207,3.34,288.44,5,301.5
208,2.23,270.76,7,249.95
209,2.13,234.34,5,244.86
210,1.91,246.35,2,251.09
211,2.51,220.32,5,227.95
212,1.97,236.31,7,236.41
213,0.14,252.35,7,231.45
214,0.33,314.41,10,288.97
215,1.15,345.09,0,143.71
216,2.54,299.8,7,278.91
217,2.37,293.37,2,274.52
218,2.63,557.64,12,511.06
219,1.42,410.46,8,374.66
220,4.34,404.55,7,400.57
221,3.91,421.47,8,377.52
222,-0.56,423.53,11,407.18
223,-0.6,480.54,10,414.33
224,4.76,418.57,7,416.81
225,1.77,289.38,5,279.01
226,1.78,275.35,4,262.21
227,2.1,255.37,1,255.32
228,0.79,368.5,7,364.67
229,0.91,238.33,9,203.71
230,-4.01,161.22,4,167.98
231,-4.14,147.2,4,151.4
232,1.36,325.41,3,304.95
233,2.08,581.67,4,516.6
234,1.9,339.44,4,321.75
235,3.34,414.53,7,377.75
236,3.07,346.34,6,302.78
237,2.58,408.88,10,363.9
238,4.55,454.61,13,454.3
239,4.25,414.35,9,332
240,0.99,235.33,6,239.83
241,2.19,227.09,8,160.02
242,8.31,645.32,11,437.04
243,1.12,780.95,7,720.14
244,2.78,339.48,8,344.36
245,-3.2,160.24,4,173.26
246,2.97,259.35,6,257.82
247,2.07,265.35,9,267.35
248,0.72,266.34,8,260.9
249,3.56,406.48,10,376.39
250,2.85,328.41,8,314.78
251,1.97,267.37,9,272.98
252,1.15,309.41,6,302.52
253,1.98,248.33,6,242.81
254,2.25,336.43,10,330.92
255,2.08,451.48,4,395.19
256,2.91,495.54,14,441.96
257,2.58,408.52,11,371.25
258,1.31,387.44,4,348.39
259,1.48,389.46,8,358.62
260,-1.09,217.29,3,195.65
261,0.51,376.45,10,356.76
262,2.61,230.1,2,181.94
263,1.84,230.68,0,170.39
264,0.99,198.31,3,211.63
265,0.69,160.18,1,143.41
266,1.91,383.41,4,336
267,5.01,608.69,10,549.89
268,1.35,239.31,5,237.12
269,-1.47,332.46,6,332.39
270,0.02,295.73,1,196.55
271,-0.06,297.75,1,202.5
272,2.46,365.84,3,295.23
273,0.78,360.24,2,249.8
274,2.77,365.84,2,294.99
275,1.77,330.75,5,249.48
276,4.36,303.83,8,291.35
277,1.24,165.24,3,171.24
278,-0.06,183.21,3,170.69
279,-1.04,169.18,2,153.01
280,0.41,167.21,3,162.67
281,4.49,521.05,8,473.3
282,4.18,504.6,8,464.7
283,3.19,430.54,4,403
284,2.14,402.49,4,373.71
285,2.06,392.47,2,358.07
286,2.31,422.49,4,384.18
287,2.38,376.47,1,349.81
288,4.61,500.58,6,431.38
289,1.62,362.47,2,343.06
290,2.07,374.48,2,353.46
291,1.59,360.45,2,336.88
292,1.41,358.43,2,331.01
293,4.09,370.53,2,370.55
294,2.56,434.5,2,390.25
295,4.25,337.46,0,326.51
296,4,372.55,2,376.72
297,-2.06,1209.42,32,1111.03
298,2.51,474.59,7,419.47
299,2.36,389.41,1,334.03
300,2.56,488.61,8,436.27
301,4.04,386.53,3,379.86
302,3.43,272.39,0,268.74
303,3.56,312.45,1,314.04
304,6.53,405.97,9,389.91
305,3.09,775.86,5,337.59
306,0.05,157.21,2,157.75
307,-0.02,307.32,4,274.44
308,2.46,324.4,4,284.8
309,2.21,276.75,4,222.96
310,3.81,490.63,7,445.9
311,2.31,445.55,7,393.9
312,4.77,494.01,8,424.74
313,1.35,311.41,3,278.58
314,2.54,270.35,5,242.79
315,-1.26,129.17,2,126.68
316,3.07,356.45,7,318.53
317,2.35,357.44,7,314.51
318,-2.06,166.24,2,174.76
319,-3.93,181.22,2,173.55
320,3.44,319.25,5,265.52
321,3.06,260.77,5,244.23
322,3.31,274.8,5,261.17
323,3.47,278.4,4,281.23
324,3.01,290.79,6,270.15
325,4.67,343.9,6,330.38
326,3.5,255.36,6,260.77
327,2.16,270.38,6,272.86
328,3.32,388.89,8,354.14
329,3.53,310.83,0,283.78
330,4.86,501.67,10,489.24
331,4.58,382.89,2,345.49
332,2.57,255.37,6,260.39
333,5.07,287.41,1,285.15
334,2.65,151.25,0,159.2
335,2.77,179.31,0,191.67
336,4.27,307.44,4,306.62
337,4.43,311.47,5,317.94
338,4.33,287.45,5,301.31
339,4.83,301.47,5,318.12
340,-2.2,197.19,3,172
341,2.64,187.29,4,202.64
342,-2.85,137.16,1,130.96
343,-0.78,313.25,4,249.88
344,3.9,269.39,6,277.33
345,2.91,441.23,6,319.36
346,4.22,531.32,4,371.29
347,4.12,615.4,5,445.89
348,-6.2,1415.58,36,1204.71
349,0.78,1255.44,8,1143.41
350,0.25,729.79,13,601.23
351,0.57,543.52,5,459.18
352,3.71,296.55,9,263.63
353,-5.26,248.09,5,184.87
354,-4.98,204.01,2,137
355,-3.61,318.22,9,269.89
356,-5.38,233.05,4,165.33
357,-4.83,282.11,4,207.23
358,-3.12,272.09,4,195.34
359,4.34,373.37,4,318.36
360,-1.31,560.69,23,541.85
361,2.28,216.19,1,179.69
362,-1.9,149.22,2,135.04
363,1,613.91,3,278.91
364,6.78,1139.76,9,483.37
365,-2.38,777.09,10,424.87
366,-2.26,777.09,10,424.51
367,-2.24,791.12,11,442.39
368,0.98,613.91,3,278.91
369,0.5,277.27,3,211.19
370,3.61,1202.63,15,1203.12
371,4.26,804.03,7,778.9
372,5.57,326.44,6,329.06
373,5.8,300.44,5,315.59
374,6.06,371.52,8,376.13
375,1.07,189.22,3,156.5
376,1.22,286.34,4,256.07
377,-0.95,236.23,2,199.28
378,-0.67,247.25,2,192.01
379,-1.09,229.26,2,187.07
380,-0.54,224.22,2,192.96
381,-0.1,267.25,3,224.06
382,-4.59,122.98,1,75.79
383,7.51,720.96,18,663.1
384,2.64,541.58,24,506.62
385,7.69,718.81,12,648.18
386,2.44,302.42,5,300.49
387,3.67,466.96,7,413.68
388,3.26,337.42,5,321.13
389,1.64,245.11,1,193.23
390,2.84,307.43,11,312.81
391,2.58,291.39,6,288.61
392,1.11,316.43,7,290.6
393,3.16,415.57,12,418.59
394,4.48,432.6,14,437.94
395,4.62,452.54,13,425.46
396,4.21,500.55,14,455.24
397,1.86,292.14,2,208.44
398,-0.18,324.45,3,250.85
399,0.34,383.52,7,306.19
400,1.96,292.38,6,284.21
401,2.49,309.41,8,308.04
402,4.33,453.54,8,420.89
403,0.13,1449.27,13,1207.3
404,-1.61,225.21,4,187.75
405,-2.7,279.19,6,224.14
406,-0.85,267.25,2,218.53
407,-0.99,296.2,3,221.93
408,-0.8,354.1,2,214.62
409,-1.15,222.25,2,157.11
410,-0.15,236.28,1,174.05
411,2.85,210.28,2,203.26
412,2.26,200.28,1,198.86
413,-3.56,146.21,4,156.67
414,-3.09,256.33,8,243.31
415,-0.24,208.26,3,199.56
416,2.47,291.39,7,289.24
417,1.58,284.36,6,274.88
418,0.84,151.21,2,153.54
419,-1.23,381.83,4,193.35
420,-0.87,334.33,4,280.5
421,2.87,303.36,5,281.92
422,3.8,308.42,11,312.37
423,1.97,236.31,7,236.41
424,3.43,264.37,9,270.89
425,0.3,333.16,4,244.67
426,1.85,295.14,4,235.99
427,2.2,255.27,3,226.39
428,1.41,615.49,7,490.83
429,-5.81,776.65,12,632.39
430,-2.8,122.1,1,104.15
431,0.27,123.11,1,106.89
432,-0.48,122.13,1,110.16
433,0.04,109.13,1,104.71
434,9.29,564.85,10,596.33
435,2.46,270.24,1,224.05
436,3.48,242.27,4,231.77
437,5.92,286.46,5,313.41
438,1.16,384.25,9,381.19
439,3.44,451.62,8,442.37
440,3.6,654.61,5,546.41
441,-0.43,246.31,7,193.8
442,1.88,359.35,7,311.36
443,-0.45,144.13,2,122.7
444,1.67,214.05,5,165.91
445,2.79,393.44,10,362.06
446,4.08,499.62,10,470.39
447,4.19,446.91,8,385.07
448,-1.76,265.98,0,73.26
449,4.01,450.35,5,375.18
450,0.76,261.09,5,209
451,-1.93,243.22,2,201.84
452,4.72,519.57,6,412.62
453,5.56,489.93,7,388.06
454,3.13,488.02,7,419.1
455,3.89,493.62,7,461.44
456,4.99,529.53,7,446.63
457,4.95,853.92,14,756.6
458,4.24,807.89,13,723.85
459,0.7,588.56,5,493.51
460,-1.04,365.21,4,268.81
461,-0.59,130.08,0,96.91
462,-1.6,263.2,2,203.36
463,2.66,240.31,2,227.12
464,-0.79,259.26,1,223.02
465,0.08,305.2,8,263.03
466,-3.08,452.43,9,381.88
467,0.36,444.49,12,398.67
468,2.46,317.22,3,240.61
469,-2.02,112.18,0,119.83
470,3.27,437.53,5,377.9
471,4.76,464.83,6,368.26
472,1.95,398.48,7,370.95
473,-2.64,425.4,9,359.47
474,6.22,473.59,7,425.12
475,6.06,371.52,8,376.13
476,1.07,189.22,3,156.5
477,0.79,493.49,3,414.7
478,5.56,810.99,10,744.65
479,4.95,824.97,10,747.07
480,-3.46,249.1,5,187.62
481,4.63,375.56,6,344
482,-0.62,287.22,5,232.58
483,4.72,519.57,6,412.62
484,4.16,280.42,4,287.31
485,3.27,263.38,4,269.29
486,3.75,282.3,2,249.5
487,4.98,475.36,6,380.22
488,6.06,405.97,9,389.91
489,4.06,417.82,6,334.21
490,4.77,540.02,10,448.1
491,4.24,532.57,5,464.59
492,4.06,446.56,9,420.14
493,2.99,487.51,6,420.04
494,6.17,558.15,9,499.36
495,5.06,584.11,8,528.37
496,1.73,406.42,0,350.22
497,4.99,529.53,7,446.63
498,3.5,440.51,5,396.71
499,2.26,465.52,4,413.29
500,-2.08,268.27,2,229.99
501,6,320.05,3,243.25
502,3.92,295.43,7,303.81
503,0.8,232.24,2,204.82
504,-1.31,146.14,0,125.87
505,4.87,422.92,8,374.12
506,0.92,337.35,4,295.4
507,3.66,296.41,0,290.67
508,4.35,776.87,5,340.33
509,2.92,427.37,2,372.19
510,2.73,314.37,3,263.55
511,2.73,314.37,3,263.55
512,0.28,163.15,0,136.94
513,6.56,354.49,8,363.39
